<Ui xmlns="http://www.blizzard.com/wow/ui/" xmlns:xsi="http://www.w3.org/2001/XMLSchema-instance"
    xsi:schemaLocation="http://www.blizzard.com/wow/ui/..\FrameXML\UI.xsd">
    <Script file="LoathebCastOrder.lua"/>

    <Frame name="LCOCaster" virtual="true">
        <Size>
            <AbsDimension x="196" y="20"/>
        </Size>
        <Anchors>
            <Anchor point="TOP">
                <Offset>
                    <AbsDimension x="0" y="-50"/>
                </Offset>
            </Anchor>
        </Anchors>
        <Backdrop bgFile="Interface\Tooltips\UI-Tooltip-Background" tile="true">
            <Color r="0" g="0" b="0" a=".5"/>
        </Backdrop>
        <Layers>
            <Layer level="OVERLAY">
                <FontString name="$parentPlayerName" inherits="GameFontNormal" text="Ilmane" hidden="false">
                    <Anchors>
                        <Anchor point="LEFT">
                            <Offset>
                                <AbsDimension x="5" y="0"/>
                            </Offset>
                        </Anchor>
                    </Anchors>
                </FontString>
                <FontString name="$parentCooldown" inherits="GameFontNormal" text="10" hidden="false">
                    <Anchors>
                        <Anchor point="RIGHT">
                            <Offset>
                                <AbsDimension x="-5" y="0"/>
                            </Offset>
                        </Anchor>
                    </Anchors>
                </FontString>
            </Layer>
        </Layers>
        <Frames>


        </Frames>

        <Scripts>
            <OnLoad>
                <!--                this:RegisterForDrag("LeftButton");-->
            </OnLoad>
            <OnDragStart>
                <!--                NFIT_DragStart()-->
            </OnDragStart>
            <OnDragStop>
                <!--                NFIT_DragEnd()-->
            </OnDragStop>
        </Scripts>
    </Frame>

    <Frame name="LCO" hidden="true" toplevel="true" parent="UIParent" movable="true" enableMouse="true">
        <Size>
            <AbsDimension x="200" y="200"/>
        </Size>
        <Anchors>
            <Anchor point="CENTER">
                <Offset>
                    <AbsDimension x="0" y="0"/>
                </Offset>
            </Anchor>
        </Anchors>
        <Backdrop bgFile="Interface\Tooltips\UI-Tooltip-Background" tile="true">
            <Color r="0" g="0" b="0" a=".5"/>
        </Backdrop>
        <Layers>
            <Layer level="OVERLAY">

                <FontString name="$parentNextHealer" inherits="GameFontNormalLarge" text="Next: ">
                    <Size>
                        <AbsDimension x="200" y="20"/>
                    </Size>
                    <Anchors>
                        <Anchor point="TOP">
                            <Offset>
                                <AbsDimension x="0" y="-10"/>
                            </Offset>
                        </Anchor>
                    </Anchors>
                </FontString>


            </Layer>
        </Layers>
        <Frames>
            <Button name="$parentCloseButton" inherits="UIPanelCloseButton">
                <Size>
                    <AbsDimension x="22" y="22"/>
                </Size>
                <Anchors>
                    <Anchor point="TOPRIGHT">
                        <Offset>
                            <AbsDimension x="0" y="0"/>
                        </Offset>
                    </Anchor>
                </Anchors>
            </Button>

            <Button name="$parentAddHealer" hidden="true" inherits="UIPanelButtonTemplate2" text="+">
                <Size>
                    <AbsDimension x="22" y="22"/>
                </Size>
                <Anchors>
                    <Anchor point="TOPLEFT">
                        <Offset>
                            <AbsDimension x="0" y="-1"/>
                        </Offset>
                    </Anchor>
                </Anchors>
                <Scripts>
                    <OnClick>
                        AddHealer_OnClick()
                    </OnClick>
                </Scripts>
            </Button>

            <Button name="$parentResetHealers" hidden="true" inherits="UIPanelButtonTemplate2" text="R">
                <Size>
                    <AbsDimension x="22" y="22"/>
                </Size>
                <Anchors>
                    <Anchor point="TOPLEFT">
                        <Offset>
                            <AbsDimension x="0" y="-23"/>
                        </Offset>
                    </Anchor>
                </Anchors>
                <Scripts>
                    <OnClick>
                        ResetHealers_OnClick()
                    </OnClick>
                </Scripts>
            </Button>
            <Button name="$parentSyncHealers" hidden="true" inherits="UIPanelButtonTemplate2" text="S">
                <Size>
                    <AbsDimension x="22" y="22"/>
                </Size>
                <Anchors>
                    <Anchor point="TOPRIGHT">
                        <Offset>
                            <AbsDimension x="0" y="-23"/>
                        </Offset>
                    </Anchor>
                </Anchors>
                <Scripts>
                    <OnClick>
                        SyncData_OnClick()
                    </OnClick>
                </Scripts>
            </Button>
        </Frames>
        <Scripts>
            <OnLoad>
                this:RegisterForDrag("LeftButton");
                this:SetMovable(1);
                this:SetUserPlaced(true);
            </OnLoad>
            <OnDragStart>
                this:StartMoving();
                this.isMoving = true;
            </OnDragStart>
            <OnDragStop>
                this:StopMovingOrSizing();
                this.isMoving = false;
            </OnDragStop>
        </Scripts>
    </Frame>


</Ui>
