<Ui xmlns="http://www.blizzard.com/wow/ui/" xmlns:xsi="http://www.w3.org/2001/XMLSchema-instance"
    xsi:schemaLocation="http://www.blizzard.com/wow/ui/..\FrameXML\UI.xsd">
    <Script file="Rollframe.lua"/>

    <GameTooltip name="RollFrameTooltip" inherits="GameTooltipTemplate" parent="UIParent" hidden="true"/>

    <Frame name="RollFrameItemTemplate" virtual="true" enableMouse="true">
        <Size>
            <AbsDimension x="512" y="128"/>
        </Size>
        <Anchors>
            <Anchor point="TOP">
                <Offset>
                    <AbsDimension x="0" y="-50"/>
                </Offset>
            </Anchor>
        </Anchors>
        <Backdrop bgFile="Interface\Addons\TWLC2c\images\roll\roll_frame_30.blp" tile="false">
        </Backdrop>
        <Frames>

            <Frame name="$parentBgImage" framestrata="MEDIUM">
                <Size>
                    <AbsDimension x="512" y="128"/>
                </Size>
                <Anchors>
                    <Anchor point="TOP">
                        <Offset>
                            <AbsDimension x="0" y="0"/>
                        </Offset>
                    </Anchor>
                </Anchors>
            </Frame>

            <Button name="$parentItemIcon" inherits="UIPanelButtonTemplate" text="">
                <NormalTexture name="$parentNormalTexture" file="Interface\Icons\inv_staff_20">
                    <Size>
                        <AbsDimension x="40" y="40"/>
                    </Size>
                    <Anchors>
                        <Anchor point="CENTER">
                            <Offset>
                                <AbsDimension x="0" y="0"/>
                            </Offset>
                        </Anchor>
                    </Anchors>
                </NormalTexture>
                <PushedTexture name="$parentNormalTexture" file="Interface\Icons\inv_staff_20">
                    <Size>
                        <AbsDimension x="40" y="40"/>
                    </Size>
                    <Anchors>
                        <Anchor point="CENTER">
                            <Offset>
                                <AbsDimension x="0" y="0"/>
                            </Offset>
                        </Anchor>
                    </Anchors>
                </PushedTexture>
                <DisabledTexture name="$parentNormalTexture" file="Interface\Icons\inv_staff_20">
                    <Size>
                        <AbsDimension x="40" y="40"/>
                    </Size>
                    <Anchors>
                        <Anchor point="CENTER">
                            <Offset>
                                <AbsDimension x="0" y="0"/>
                            </Offset>
                        </Anchor>
                    </Anchors>
                </DisabledTexture>
                <HighlightTexture inherits=""/>
                <Size>
                    <AbsDimension x="40" y="40"/>
                </Size>
                <Anchors>
                    <Anchor point="TOPLEFT">
                        <Offset>
                            <AbsDimension x="124" y="-39"/>
                        </Offset>
                    </Anchor>
                </Anchors>
                <Layers>
                    <Layer level="OVERLAY">
                        <FontString name="$parentItemName" inherits="GameFontNormal" text="[name of nname]"
                                    hidden="false"
                                    justifyH="LEFT">
                            <Anchors>
                                <Anchor point="LEFT">
                                    <Offset>
                                        <AbsDimension x="50" y="0"/>
                                    </Offset>
                                </Anchor>
                            </Anchors>
                            <Size>
                                <AbsDimension x="135" y="37"/>
                            </Size>
                        </FontString>
                    </Layer>
                </Layers>
                <Scripts>
                    <OnClick>
                    </OnClick>
                </Scripts>
            </Button>

            <Button name="$parentRoll" inherits="UIPanelButtonTemplate" text="">
                <NormalTexture file="Interface\Buttons\UI-GroupLoot-Dice-Up"/>
                <HighlightTexture file="Interface\Buttons\UI-GroupLoot-Dice-Highlight" alphaMode="ADD"/>
                <PushedTexture file="Interface\Buttons\UI-GroupLoot-Dice-Down"/>
                <Size>
                    <AbsDimension x="32" y="32"/>
                </Size>
                <Anchors>
                    <Anchor point="TOPLEFT">
                        <Offset>
                            <AbsDimension x="316" y="-44"/>
                        </Offset>
                    </Anchor>
                </Anchors>
                <Scripts>
                    <OnClick>
                            PlayerRollItemButton_OnClick(this:GetID(), 'roll');
                    </OnClick>
                    <OnEnter>
                            GameTooltip:SetOwner(this, "ANCHOR_TOPLEFT", 0, 0)
                            GameTooltip:AddLine('ROLL')
                            GameTooltip:Show()
                    </OnEnter>
                    <OnLeave>
                            GameTooltip:Hide()
                    </OnLeave>
                </Scripts>
            </Button>


            <Button name="$parentPass" inherits="UIPanelButtonTemplate" text="">
                <NormalTexture file="Interface\Buttons\UI-GroupLoot-Pass-Up"/>
                <!--                <HighlightTexture file="Interface\Buttons\UI-GroupLoot-Pass-Highlight" alphaMode="ADD"/>-->
                <PushedTexture file="Interface\Buttons\UI-GroupLoot-Pass-Down"/>
                <Size>
                    <AbsDimension x="32" y="32"/>
                </Size>
                <Anchors>
                    <Anchor point="TOPLEFT">
                        <Offset>
                            <AbsDimension x="352" y="-40"/>
                        </Offset>
                    </Anchor>
                </Anchors>
                <Scripts>
                    <OnClick>
                            PlayerRollItemButton_OnClick(this:GetID(), 'pass');
                    </OnClick>
                    <OnEnter>
                            GameTooltip:SetOwner(this, "ANCHOR_TOPLEFT", 0, 0)
                            GameTooltip:AddLine('PASS')
                            GameTooltip:Show()
                    </OnEnter>
                    <OnLeave>
                            GameTooltip:Hide()
                    </OnLeave>
                </Scripts>
            </Button>

            <Frame name="$parentTimeLeftBar" framestrata="HIGH">
                <Size>
                    <AbsDimension x="190" y="8"/>
                </Size>
                <Anchors>
                    <Anchor point="TOPLEFT">
                        <Offset>
                            <AbsDimension x="119" y="-88"/>
                        </Offset>
                    </Anchor>
                </Anchors>
                <Backdrop bgFile="Interface\Tooltips\UI-Tooltip-Background" tile="true">
                    <Color r="0" g="0.88" b="0.06" a=".5"/>
                </Backdrop>
                <Layers>
                    <Layer level="OVERLAY">
                        <FontString name="$parentText" inherits="GameFontNormalSmall" text="12312" hidden="false">
                            <Anchors>
                                <Anchor point="TOPLEFT">
                                    <Offset>
                                        <AbsDimension x="5" y="1"/>
                                    </Offset>
                                </Anchor>
                            </Anchors>
                        </FontString>
                    </Layer>
                </Layers>
            </Frame>

        </Frames>

        <Scripts>
            <OnLoad>
                    this:RegisterForDrag("LeftButton");
            </OnLoad>
            <OnDragStart>
                    RFIT_DragStart()
            </OnDragStart>
            <OnDragStop>
                    RFIT_DragEnd()
            </OnDragStop>
        </Scripts>
    </Frame>

    <Frame name="RollFrame" hidden="true" toplevel="true" parent="UIParent" movable="true" enableMouse="true">
        <Size>
            <AbsDimension x="250" y="20"/>
        </Size>
        <Anchors>
            <Anchor point="CENTER">
                <Offset>
                    <AbsDimension x="0" y="100"/>
                </Offset>
            </Anchor>
        </Anchors>
        <Backdrop bgFile="Interface\DialogFrame\UI-DialogBox-Background" tile="true">
        </Backdrop>
        <Layers>
            <Layer level="OVERLAY">
                <FontString name="$parentTitle" inherits="GameFontNormal" text="[ROLL] ANCHOR">
                    <Anchors>
                        <Anchor point="CENTER">
                            <Offset>
                                <AbsDimension x="0" y="0"/>
                            </Offset>
                        </Anchor>
                    </Anchors>

                </FontString>
            </Layer>
        </Layers>
        <Frames>

            <Button name="$parentTestPlacement" inherits="UIPanelButtonTemplate2" text="Test">
                <Size>
                    <AbsDimension x="50" y="40"/>
                </Size>
                <Anchors>
                    <Anchor point="LEFT">
                        <Offset>
                            <AbsDimension x="0" y="0"/>
                        </Offset>
                    </Anchor>
                </Anchors>
                <Scripts>
                    <OnClick>
                            roll_frame_test()
                    </OnClick>
                </Scripts>
            </Button>
            <Button name="$parentClosePlacement" inherits="UIPanelButtonTemplate2" text="Close">
                <Size>
                    <AbsDimension x="50" y="40"/>
                </Size>
                <Anchors>
                    <Anchor point="RIGHT">
                        <Offset>
                            <AbsDimension x="0" y="0"/>
                        </Offset>
                    </Anchor>
                </Anchors>
                <Scripts>
                    <OnClick>
                            roll_frame_close()
                    </OnClick>
                </Scripts>
            </Button>
        </Frames>

        <Scripts>
            <OnLoad>
                    this:RegisterForDrag("LeftButton");
                    this:SetMovable(1);
                    this:SetUserPlaced(true);
            </OnLoad>
            <OnDragStart>
                    this:StartMoving();
                    this.isMoving = true;
            </OnDragStart>
            <OnDragStop>
                    this:StopMovingOrSizing();
                    this.isMoving = false;
            </OnDragStop>
        </Scripts>
    </Frame>

</Ui>
